country,matching,texture,types,subcategory,,price,content,img
한국,어린이용 치즈,기타,자연치즈,어린이,슬라이스치즈,"3,399원",탄탄한 영양학적 설계로 이루어진 우리 아이의 건강 테이블치즈,https://img-cf.kurly.com/shop/data/goods/1484823932807l0.jpg
한국,샌드위치,기타,자연치즈,체다,,"5,500원",한층 더 진하고 풍성한 체다치즈가 필요할 땐,https://img-cf.kurly.com/shop/data/goods/1532682851253l0.jpg
한국,"샐러드,와인,맥주",기타,자연치즈,모짜렐라,,"2,000원",한 입으로 느끼는 치즈의 맛,https://img-cf.kurly.com/shop/data/goods/1530172980575l0.jpg
한국,"빵, 과일",기타,자연치즈,크림치즈,,"2,000원",한 입으로 느끼는 치즈의 맛,https://img-cf.kurly.com/shop/data/goods/1530172980575l0.jpg
한국,"빵, 크래커, 파니니",기타,자연치즈,고다,,"2,000원",한 입으로 느끼는 치즈의 맛,https://img-cf.kurly.com/shop/data/goods/1530172980575l0.jpg
한국,식빵,기타,자연치즈,모짜렐라,,"5,980원",두툼하고 쫄깃해서 더욱 맛있는,https://img-cf.kurly.com/shop/data/goods/155419355045l0.jpg
이탈리아,"토마토,바질,샐러드",후레쉬치즈,자연치즈,모짜렐라,,"3,870원",신선하게 피어난 우유 그대로의 맛,https://img-cf.kurly.com/shop/data/goods/1544576315159l0.jpg
덴마크,"빵, 꿀, 견과류, 와인",소프트치즈,자연치즈,브리,,"4,165원",부드럽게 녹아드는 숙성치즈의 매력,https://img-cf.kurly.com/shop/data/goods/1566382934703l0.jpg
한국,"샐러드,파스타",기타,자연치즈,체다,,"5,990원",뿌리면 완성되는 고품격 치즈 요리,https://img-cf.kurly.com/shop/data/goods/1510304040181l0.jpg
한국,"샐러드,파스타",기타,자연치즈,모짜렐라,,"5,990원",뿌리면 완성되는 고품격 치즈 요리,https://img-cf.kurly.com/shop/data/goods/1510304040181l0.jpg
호주,"크래커,베이글,와인",소프트치즈,가공치즈,과일치즈,,"4,900원",상큼하고 달콤하게 즐기는 치즈! -신제품 2종 추가-,https://img-cf.kurly.com/shop/data/goods/1525745335131l0.jpg
한국,"빵, 꿀, 카나페",기타,자연치즈,체다,,"3,600원",신선한 자연 치즈로 만들어 고소하고 진한 맛,https://img-cf.kurly.com/shop/data/goods/1532683128287l0.jpg
한국,"빵, 꿀, 카나페",기타,자연치즈,모짜렐라,,"3,600원",신선한 자연 치즈로 만들어 고소하고 진한 맛,https://img-cf.kurly.com/shop/data/goods/1532683128287l0.jpg
한국,"빵, 꿀, 카나페",기타,자연치즈,까망베르,,"3,600원",신선한 자연 치즈로 만들어 고소하고 진한 맛,https://img-cf.kurly.com/shop/data/goods/1532683128287l0.jpg
한국,"빵, 꿀, 카나페",기타,자연치즈,고다,,"3,600원",신선한 자연 치즈로 만들어 고소하고 진한 맛,https://img-cf.kurly.com/shop/data/goods/1532683128287l0.jpg
이탈리아,"샐러드, 올리브유",후레쉬치즈,자연치즈,모짜렐라,,"6,800원",새알을 빚어놓은 듯 깜찍한 미니 모짜렐라,https://img-cf.kurly.com/shop/data/goods/1522737162969l0.jpg
이탈리아,"샐러드,크래커",후레쉬치즈,자연치즈,리코타,,"4,600원",매일매일 가볍고 신선하게,https://img-cf.kurly.com/shop/data/goods/1552973598931l0.jpg
한국,"떡볶이,볶음밥",기타,자연치즈,스트링치즈,,"6,900원",간편하게 즐기는 순수한 자연치즈,https://img-cf.kurly.com/shop/data/goods/1538633076985l0.jpg
미국,"파스타,피자,볶음밥",기타,자연치즈,모짜렐라,,"5,681원",모짜렐라 치즈 96.6% 함유된 자연치즈,https://img-cf.kurly.com/shop/data/goods/1586139850868l0.jpg
네덜란드,토마토,세미하드치즈,자연치즈,고다,,"5,500원","다양한 식재료와 어울리며, 샌드위치에 넣어 먹기 좋은 치즈",https://img-cf.kurly.com/shop/data/goodsview/20170222/gv00000000200_1.jpg
네덜란드,베이컨,세미하드치즈,자연치즈,에멘탈,,"5,500원",전체적인 맛은 가벼운 편이지만 감미로운 풍미가 인상적인 치즈,https://img-cf.kurly.com/shop/data/goodsview/20170222/gv40000000201_1.jpg
네덜란드,크로와상,세미하드치즈,자연치즈,에담,,"5,500원","그릴 치즈 샌드위치를 만들거나 감자 요리, 수프에 한 장씩 넣기에 좋은 치즈",https://img-cf.kurly.com/shop/data/goodsview/20170222/gv40000000202_1.jpg
네덜란드,토스트,세미하드치즈,자연치즈,미몰레뜨,,"5,500원","부드러운 향에 고소하고 편안한 맛으로, 새콤달콤한 채소나 시원한 오이와 어울리는 치즈",https://img-cf.kurly.com/shop/data/goodsview/20170222/gv00000000203_1.jpg
한국,"피자, 파스타, 떡볶이, 볶음밥",기타,자연치즈,혼합,"모짜렐라, 콜비, 체다, 고다","9,980원",네 가지 자연치즈를 고루 담은,https://img-cf.kurly.com/shop/data/goods/1574143947614l0.jpg
한국,"베이킹 재료 (마카롱, 타르트, 당근케이크, 치즈케이크)",기타,자연치즈,크림치즈,,"3,200원",(자연치즈) 담백한 빵과 환상조합!,https://img-cf.kurly.com/shop/data/goods/1554104510801l0.jpg
이탈리아,"크로크무슈, 샌드위치, 햄버거, 샐러드, 카나페",기타,가공치즈,혼합,"고다, 체다 모짜렐라","3,024원",100년 이상 전통 인기 미국 국민 치즈,https://img-cf.kurly.com/shop/data/goods/1594965248228l0.jpg
이탈리아,"샐러드,간식",후레쉬치즈,자연치즈,모짜렐라,,"3,900원",신선하게 즐기는 생 모짜렐라,https://img-cf.kurly.com/shop/data/goods/1553161377131l0.jpg
미국,"파스타,볶음밥,샐러드",기타,자연치즈,파마산,,"5,083원",파스타나 볶음밥에 토핑으로 뿌려먹는 자연치즈,https://img-cf.kurly.com/shop/data/goods/1586139305561l0.jpg
독일,"카프레제,파스타,피자",후레쉬치즈,자연치즈,모짜렐라,,"4,600원",매일 먹기 좋은 신선하고 고소한 맛,https://img-cf.kurly.com/shop/data/goods/1526632903783l0.jpg
독일,"카프레제,파스타,피자",후레쉬치즈,자연치즈,모짜렐라,,"4,600원",신선한 치즈와 향긋한 바질의 환상 궁합,https://img-cf.kurly.com/shop/data/goods/152663317697l0.jpg
이탈리아,"토마토,바질",후레쉬치즈,자연치즈,모짜렐라,,"5,500원",담백하고 결이 살아있는 생 모짜렐라,https://img-cf.kurly.com/shop/data/goods/1487213431856l0.jpg
한국,"라면,샌드위치,볶음밥",기타,자연치즈,체다,,"6,831원",넉넉하게 즐기는 체다 치즈,https://img-cf.kurly.com/shop/data/goods/1570153896561l0.jpg
한국,어린이용 치즈,기타,자연치즈,어린이,,"4,600원",성장 단계별로 골라먹는 치즈,https://img-cf.kurly.com/shop/data/goods/1555401399914l0.jpg
한국,"견과류, 와인",기타,가공치즈,체다,,"2,600원",어디서나 즐기는 치즈와 견과류,https://img-cf.kurly.com/shop/data/goods/1594183381669l0.jpg
한국,"불닭,쭈꾸미,오믈렛,콘치즈",기타,자연치즈,혼합,"모짜렐라, 체다","5,400원",눈처럼 사르르 뿌려 즐기는 자연 치즈,https://img-cf.kurly.com/shop/data/goods/154771037575l0.jpg
이탈리아,"토마토,바질",후레쉬치즈,자연치즈,모짜렐라,,"6,240원",물소 우유로 만든 모짜렐라의 진한 매력,https://img-cf.kurly.com/shop/data/goods/1487655849283l0.jpg
프랑스,"비스킷,견과류,과일",소프트치즈,자연치즈,브리,,"8,400원",한 입 크기로 부담없이 즐기는 미니 브리,https://img-cf.kurly.com/shop/data/goods/1528161805562l0.jpg
미국,"샌드위치,파스타,맥앤치즈",세미하드,자연치즈,체다,,"4,900원",일상 속 가볍게 즐기는 치즈,https://img-cf.kurly.com/shop/data/goods/1564729594540l0.jpg
미국,"볶음밥,파스타,퐁듀",세미하드,자연치즈,모짜렐라,,"4,900원",일상 속 가볍게 즐기는 치즈,https://img-cf.kurly.com/shop/data/goods/1564729594540l0.jpg
미국,"피자,파스타,샌드위치",세미하드,자연치즈,몬테레이잭,,"4,900원",일상 속 가볍게 즐기는 치즈,https://img-cf.kurly.com/shop/data/goods/1564729594540l0.jpg
미국,"샐러드,피자",세미하드,자연치즈,콜비잭,,"4,900원",일상 속 가볍게 즐기는 치즈,https://img-cf.kurly.com/shop/data/goods/1564729594540l0.jpg
미국,"타코,타파스",세미하드,자연치즈,페퍼잭,,"4,900원",일상 속 가볍게 즐기는 치즈,https://img-cf.kurly.com/shop/data/goods/1564729594540l0.jpg
덴마크,"빵,와인,견과류,과일",소프트치즈,자연치즈,까망베르,,"4,165원",전자레인지 용기로 간편하게 먹는,https://img-cf.kurly.com/shop/data/goods/1566383011754l0.jpg
한국,"라면,달걀말이",기타,자연치즈,체다,,"3,500원",체다와 모차렐라 치즈와의 만남,https://img-cf.kurly.com/shop/data/goods/1570154531327l0.jpg
프랑스,"간식,빵,크래커",기타,가공치즈,크림치즈,,"4,790원",편리하게 즐기는 진한 고소함,https://img-cf.kurly.com/shop/data/goods/1571724861538l0.jpg
미국,"샐러드,김밥,견과류",기타,자연치즈,크림치즈,,"3,383원",크림함량 35%! 베이글에 발라먹는 부드러운 크림치즈,https://img-cf.kurly.com/shop/data/goods/1586140694633l0.jpg
이탈리아,"샐러드,카나페,파스타",후레쉬치즈,자연치즈,리코타,,"6,860원",몽글몽글 피어나는 우유의 풍미,https://img-cf.kurly.com/shop/data/goods/1487314206609l0.jpg
한국,샐러드,기타,자연치즈,스트링치즈,,"10,000원",탱탱하고 쫄깃한 식감이 살아 있는 스트링 치즈,https://img-cf.kurly.com/shop/data/goods/1491358663246l0.jpg
프랑스,"빵,과일,샐러드",후레쉬치즈,자연치즈,크림치즈,,"9,800원",프랑스인들이 사랑하는 크림치즈,https://img-cf.kurly.com/shop/data/goods/big/201511/291_shop1_865273.jpg
네덜란드,"간식,와인,햄버거",소프트치즈,자연치즈,스모크치즈,,"3,500원",훈연한 치즈의 그윽한 풍미,https://img-cf.kurly.com/shop/data/goods/1563252513396l0.jpg
이탈리아,"샐러드,피자,안주",하드치즈,자연치즈,그라나 파다노,,"5,900원",담백하고 고소한 풍미를 가진 그라나 파다노 치즈,https://img-cf.kurly.com/shop/data/goods/1555642164907l0.jpg
그리스,"빵,크래커,샐러드",기타,가공치즈,크림치즈,,"6,490원",크림치즈를 가득 품은 체리페퍼,https://img-cf.kurly.com/shop/data/goods/1583732024385l0.jpg
덴마크,"간식,샐러드,피자",소프트치즈,자연치즈,화이트,,"5,900원",샐러드와 어울리는 짭짤한 치즈,https://img-cf.kurly.com/shop/data/goods/1573607744879l0.jpg
이탈리아,"와인,샐러드,피자",하드치즈,자연치즈,그라나 파다노,,"5,700원",여러 요리에 고루 어울리는 치즈,https://img-cf.kurly.com/shop/data/goods/1566382474736l0.jpg
스페인,"빵, 크래커",기타,자연치즈,크림치즈,,"2,700원",쓱! 발라 완성하는 핑거 푸드,https://img-cf.kurly.com/shop/data/goods/1523511229738l0.jpg
프랑스,"간식,크래커",기타,가공치즈,크림치즈,,"5,900원",스페인에서 온 크림치즈,https://img-cf.kurly.com/shop/data/goods/1594205016480l0.jpg
프랑스,"식빵,베이글",기타,가공치즈,크림치즈,,"5,750원",콕 찍어 먹는 진한 크림치즈,https://img-cf.kurly.com/shop/data/goods/1571721728152l0.jpg
이탈리아,"티라미수,크래커,파스타",기타,자연치즈,마스카포네,,"6,500원",베이킹에 활용하기 좋은 친근한 치즈,https://img-cf.kurly.com/shop/data/goods/1541642987605l0.jpg
이탈리아,"와인,샐러드,피자",하드치즈,자연치즈,파르미지아노 레지아노,,"6,900원",꾸덕한 텍스처에 깃든 산뜻한 풍미,https://img-cf.kurly.com/shop/data/goods/1584929308198l0.jpg
한국,"불닭,간식",기타,자연치즈,스트링치즈,,"7,900원",깊고 진한 풍미를 자랑하는 이탈리안 치즈의 자존심,https://img-cf.kurly.com/shop/data/goods/1555641491666l0.jpg
이탈리아,"티라미수,소스,토마토수프",기타,자연치즈,마스카포네,,"5,600원",간편하게 찢어먹는 생치즈,https://img-cf.kurly.com/shop/data/goods/1576729899384l0.jpg
프랑스,"퐁듀,피자,샌드위치",하드치즈,자연치즈,에멘탈,,"7,200원",이탈리아에서 만든 신선함을 그대로 간직한,https://img-cf.kurly.com/shop/data/goods/1511158446609l0.jpg
영국,"베이컨,과일,간식",세미하드,자연치즈,체다,,"4,200원",프랑스 전통 방식으로 만든,https://img-cf.kurly.com/shop/data/goods/1591148962586l0.jpg
이탈리아,"간식,올리브오일,소금",후레쉬치즈,자연치즈,모짜렐라,,"7,760원",보통 체다보다 훨씬 오래 숙성시켜 부드럽고 깊은 맛,https://img-cf.kurly.com/shop/data/goods/big/201508/418_shop1_988985.jpg
이탈리아,"와인,간식,피자",하드치즈,자연치즈,파르미지아노 레지아노,,"5,900원",부담없이 신선하게 즐기는 프레쉬 치즈,https://img-cf.kurly.com/shop/data/goods/154882690843l0.jpg
스페인,"빵, 크래커",기타,자연치즈,크림치즈,,"9,800원",[컬리 Only] 더욱 깊고 진한 이탈리아 숙성 치즈,https://img-cf.kurly.com/shop/data/goods/1594621647731l0.jpg
한국,"간식,라면,볶음밥",기타,자연치즈,스트링치즈,,"5,900원",우유의 풍미를 간직한 크림치즈,https://img-cf.kurly.com/shop/data/goods/159420570591l0.jpg
이탈리아,"와인, 샐러드, 파스타",기타,자연치즈,그라나파다노,,"6,900원",간편하게 더하는 숙성 치즈의 풍미,https://img-cf.kurly.com/shop/data/goods/159114777892l0.jpg
이탈리아,"와인, 샐러드, 파스타",기타,자연치즈,그라나파다노,,"9,980원",솔솔 뿌려 활용하는 슈레드 치즈,https://img-cf.kurly.com/shop/data/goods/1593396344487l0.jpg
스페인,"베이글, 크래커",소프트치즈,자연치즈,크림치즈,,"6,500원",부드럽게 즐기는 블루치즈,https://img-cf.kurly.com/shop/data/goods/1594207096683l0.jpg
이탈리아,"크래커, 빵, 파스타",기타,가공치즈,트러플치즈,,"37,000원",치즈에 깊이를 더하는 트러플의 힘,https://img-cf.kurly.com/shop/data/goods/1490074296215l0.jpg
한국,"샐러드, 꼬치구이, 카나페,테이블치즈,",후레쉬치즈,자연치즈,구워먹는치즈,,"9,900원",노릇노릇 구워 따끈하게 즐겨보세요,https://img-cf.kurly.com/shop/data/goods/1569318088239l0.jpg
프랑스,"빵, 비스킷, 견과류, 와인",소프트치즈,자연치즈,브리,,"5,130원","탄탄한 감촉, 부드러운 식감",https://img-cf.kurly.com/shop/data/goods/1555911377839l0.jpg
네덜란드,"샌드위치, 토스트, 샐러드, 파스타, 와인, 맥주, 카나페",세미하드치즈,자연치즈,고다,,"7,500원",치즈 풍미 뒤에 숨겨진 은은한 단맛,https://img-cf.kurly.com/shop/data/goods/1579165836964l0.jpg
이탈리아,"파스타, 샐러드, 스테이크, 리소토",하드치즈,자연치즈,페코리노로마노,,"6,500원",로마시대의 역사가 담긴 양젖 치즈,https://img-cf.kurly.com/shop/data/goods/1594971652548l0.jpg
뉴질랜드,"와인, 테이블치즈, 스프, 그라탕",세미하드치즈,자연치즈,체다,,"5,900원",입맛 따라 즐기는 뉴질랜드 대표 치즈,https://img-cf.kurly.com/shop/data/goods/158492969355l0.jpg
한국,"크래커, 미니 토스트, 핑거 푸드, 팬케이크 반죽",후레쉬치즈,자연치즈,마스카포네,,"9,900원",눈 녹듯 부드러운 생크림을 닮은 치즈,https://img-cf.kurly.com/shop/data/goods/1491356829713l0.jpg
이탈리아,"피자, 파스타, 스테이크, 배, 무화과, 샐러리",세미하드치즈,블루치즈,고르곤졸라,,"7,600원",섹시한 이탈리아 대표 블루치즈,https://img-cf.kurly.com/shop/data/goods/151073128727l0.jpg
이탈리아,"샐러드, 카나페, 라자냐, 파스타",후레쉬치즈,자연치즈,리코타,,"7,200원",이탈리아 피에몬테 지역의 신선한 원유를 그대로 담아낸 산뜻한 풍미,https://img-cf.kurly.com/shop/data/goods/1487323207431l0.jpg
스위스,"퐁듀, 샐러드, 샌드위치, 와인",하드치즈,자연치즈,그뤼에르,,"10,150원",유럽에서 역사가 오래된 가열 압착 치즈,https://img-cf.kurly.com/shop/data/goods/1452166174810l0.jpg
미국,"와인, 견과류, 파스타, 스프, 샐러드, 테이블치즈",후레쉬치즈,자연치즈,사베치오파마산,,"13,500원",갓 구운 빵의 향과 구운 카라멜의 단맛으로 본고장의 아성을 위협하는 치즈,https://img-cf.kurly.com/shop/data/goods/1502722703770l0.jpg
이탈리아,"퐁듀, 샌드위치, 카프레제, 와인, 피자, 스테이크, 그라탕, 샐러드",세미하드치즈,자연치즈,프로볼로네,,"11,800원",손쉽게 즐기는 우유의 깊은 풍미,https://img-cf.kurly.com/shop/data/goods/1596612365906l0.jpg
이탈리아,"샐러드, 라자냐, 크로스티니, 키쉬, 치즈케이크,카나페, 파스타",후레쉬치즈,자연치즈,리코타,락토스프리,"5,700원",유당불내증을 겪는 분들도 안심하고 즐길 수 있는 락토스프리 치즈,https://img-cf.kurly.com/shop/data/goods/1494580840999l0.jpg
이탈리아,"티라미수, 디저트, 스프, 매쉬드포테이토",후레쉬치즈,자연치즈,마스카포네,,"7,600원",우유 크림이 주는 가볍고 포근한 부드러움,https://img-cf.kurly.com/shop/data/goods/1487317448822l0.jpg
미국,"베이글, 크래커",소프트치즈,자연치즈,크림치즈,,"12,900원",원재료의 맛에 충실한,https://img-cf.kurly.com/shop/data/goods/1577085009134l0.jpg
프랑스,"테이블치즈, 샌드위치, 견과류, 와인",경성치즈,자연치즈,콩테,,"18,900원",특별한 날을 위해 숨겨온 치즈,https://img-cf.kurly.com/shop/data/goods/1525332535529l0.jpg
네덜란드,"테이블치즈, 와인, 맥주, 샐러드, 스프",세미하드치즈,자연치즈,고다,,"6,700원",자꾸만 손이 가는 짭조롬 치즈 스낵,https://img-cf.kurly.com/shop/data/goods/1522724807458l0.jpg
노르웨이,"고기, 스프, 스튜, 와인",세미하드치즈,자연치즈,브라운치즈,,"9,500원",풍미가 깊은 노르웨이 치즈,https://img-cf.kurly.com/shop/data/goods/1597903582811l0.jpg
독일,"피자, 파스타, 와인, 카나페",소프트치즈,자연치즈,블루치즈,,"6,400원",까망베르와 고르곤졸라 치즈의 만남!,https://img-cf.kurly.com/shop/data/goods/1595490964205l0.jpg
독일,"샐러드, 샌드위치",하드치즈,자연치즈,에멘탈치즈,,"6,400원",맛도 모양도 매력 넘치는,https://img-cf.kurly.com/shop/data/goods/1587965094771l0.jpg
노르웨이,"샌드위치, 와플, 크래커, 핑거푸드",세미하드치즈,자연치즈,브라운치즈,,"9,500원",캐러멜처럼 녹는 이색 치즈,https://img-cf.kurly.com/shop/data/goods/1597904921852l0.jpg
네덜란드,"과일, 테이블치즈, 맥주, 햄버거",소프트치즈,가공치즈,스모크치즈,,"5,200원",네덜란드 고다치즈를 훈연한 스모크 치즈,https://img-cf.kurly.com/shop/data/goods/148715531585l0.jpg
프랑스,"견과류, 와인",소프트치즈,자연치즈,브리,,"12,950원",보다 편안하게 즐길 수 있는 브리 치즈,https://img-cf.kurly.com/shop/data/goods/1493028272308l0.jpg
프랑스,"빵, 비스킷, 견과류, 와인",소프트치즈,자연치즈,까망베르,,"5,130원",오랫동안 보관이 가능한 숙성치즈,https://img-cf.kurly.com/shop/data/goods/155591204450l0.jpg
그리스,"파스타, 샐러드, 피자",기타,자연치즈,페타,,"4,900원",활용도를 높인 고소한 그리스 치즈,https://img-cf.kurly.com/shop/data/goods/1554173967120l0.jpg
이탈리아,"샐러드, 라자냐, 크로스티니, 키쉬, 치즈케이크",후레쉬치즈,자연치즈,리코타,,"8,900원",풍미와 식감은 물론 영양까지 일반 치즈와 견줘도 손색없는 락토스프리 치즈,https://img-cf.kurly.com/shop/data/goods/1494819678578l0.jpg
이탈리아,"샐러드, 피자, 카프레제, 와인, 테이블치즈",후레쉬치즈,자연치즈,모짜렐라,,"8,900원",물소젖으로 만든 모짜렐라를 경험하고 싶다면,https://img-cf.kurly.com/shop/data/goods/152343656434l0.jpg
이탈리아,"크래커, 과일, 스프, 빵, 티라미수, 견과류",후레쉬치즈,자연치즈,마스카포네,,"9,900원",부드럽게 녹아내리는 신선한 맛,https://img-cf.kurly.com/shop/data/goods/1558944199293l0.jpg
네덜란드,"와인, 견과류, 파스타, 샐러드",세미하드치즈,자연치즈,고다,,"10,500원","26주, 52주 동안 숙성하여 만든 고다치즈!",https://img-cf.kurly.com/shop/data/goods/145371157091l0.jpg
이탈리아,"와인, 맥주, 파스타, 리소토",하드치즈,자연치즈,파르미지아노 레지아노,,"11,900원",유기농 우유로 만든 정교한 풍미,https://img-cf.kurly.com/shop/data/goods/155894449850l0.jpg
프랑스,"테이블치즈, 샐러드, 와인",연성치즈,가공치즈,카프리스 데 디유,,"8,400원",카망베르보다 향이 마일드하고 브리치즈보다 맛이 소프트한 치즈!,https://img-cf.kurly.com/shop/data/goods/1452166498134l0.jpg
이탈리아,"테이블치즈, 샐러드, 피자, 그라탕, 샌드위치, 스테이크",세미하드치즈,자연치즈,프로볼로네,,"6,400원",프로볼로네 치즈의 원조 브랜드! 우유의 깊은 풍미를 느껴보세요!,https://img-cf.kurly.com/shop/data/goods/1458641017772l0.jpg
스위스,"통조림옥수수, 채소",세미하드치즈,자연치즈,라끌렛,,"16,500원",뭉근한 불에 녹여서 음식에 얹어 먹는 고소한 치즈,https://img-cf.kurly.com/shop/data/goods/1452154403699l0.jpg
네덜란드,"와인, 맥주, 스프, 파스타",세미하드치즈,자연치즈,고다,,"9,900원",치즈 마니아를 위한 고다 치즈,https://img-cf.kurly.com/shop/data/goods/1577777055511l0.jpg
스페인,"크래커, 빵",소프트치즈,자연치즈,크림치즈,어린이용,"6,300원",아이만을 위한 스페인 크림치즈,https://img-cf.kurly.com/shop/data/goods/1594209032470l0.jpg
호주,"와인, 샐러드, 카나페, 파니니",세미하드치즈,자연치즈,구워먹는치즈,,"6,800원",청정호주에서 원유로 만든 구워먹는 치즈,https://img-cf.kurly.com/shop/data/goods/1583220357581l0.jpg
미국,"샐러드, 샌드위치, 와인, 맥주",세미하드치즈,자연치즈,토마,,"13,500원",아주 단순한 치즈의 매력,https://img-cf.kurly.com/shop/data/goods/1577083196595l0.jpg
프랑스,"테이블치즈, 샐러드, 와인, 과일잼, 시럽",소프트치즈,자연치즈,크림치즈,트리플크림치즈,"18,900원",촉촉하고 농밀한 맛의 화사한 매력을 가진 치즈,https://img-cf.kurly.com/shop/data/goods/148594517725l0.jpg
프랑스,"크래커, 빵, 샐러드, 와인,",소프트치즈,자연치즈,크림치즈,트리플크림치즈,"19,900원",트리플 크림치즈의 여왕,https://img-cf.kurly.com/shop/data/goods/1486367782815l0.jpg
그리스,"와인, 채소볶음, 샐러드, 파스타",소프트치즈,가공치즈,페타,,"8,900원",페타 치즈의 향긋 짭조름한 변신,https://img-cf.kurly.com/shop/data/goods/1524026574704l0.jpg
미국,"과일, 와인, 맥주",세미하드치즈,가공치즈,벨라비타노,샤도네이,"13,500원",샤도네이의 향취가 그윽하게 밴,https://img-cf.kurly.com/shop/data/goods/1563946079157l0.jpg
프랑스,"라비올리, 초당옥수수, 맥주, 와인",소프트치즈,가공치즈,트러플치즈,염소젖,"8,500원",풍부한 산미 속 트러플 향,https://img-cf.kurly.com/shop/data/goods/1567477562826l0.jpg
프랑스,"와인, 테이블치즈, 과일, 샤퀴테리",세미하드치즈,가공치즈,벨라비타노,메를로,"13,500원",치즈에 남은 와인의 자취,https://img-cf.kurly.com/shop/data/goods/1544517499138l0.jpg
네덜란드,"와인, 맥주, 크래커, 빵, 샌드위치, 샐러드",세미하드치즈,자연치즈,에담,,"6,600원","네덜란드의 부드러운 풍미, 지방을 제거한 우유로 만들어 담백한 치즈",https://img-cf.kurly.com/shop/data/goods/1452165115212l0.jpg
프랑스,"테이블치즈, 빵, 와인, 맥주",소프트치즈,자연치즈,까망베르,,"11,900원",오감을 부드럽게 채우는 당신이 몰랐던 까망베르,https://img-cf.kurly.com/shop/data/goods/1477568051626l0.jpg
네덜란드,"와인, 카나페, 맥주",하드치즈,자연치즈,프리마돈나,피노,"10,000원",파마산 치즈와 그뤼에르 치즈가 섞인 네덜란드 치즈!,https://img-cf.kurly.com/shop/data/goods/1549865117151l0.jpg
네덜란드,"와인, 카나페, 맥주",하드치즈,자연치즈,프리마돈나,머츄어,"10,000원",파마산 치즈와 그뤼에르 치즈가 섞인 네덜란드 치즈!,https://img-cf.kurly.com/shop/data/goods/1549865117151l0.jpg
미국,"테이블치즈, 샌드위치, 샐러드",세미하드치즈,자연치즈,시에라잭트레디셔날,모짜렐라대용,"14,000원",가볍고 부드러운 맛을 지닌,https://img-cf.kurly.com/shop/data/goods/1577085195249l0.jpg
이탈리아,"파스타, 그라탕, 샐러드, 피자, 와인, 발사믹 식초",하드치즈,자연치즈,파르미지아노 레지아노,,"8,900원",[컬리 Only] 18개월 숙성 치즈의 부드러운 깊은 맛,https://img-cf.kurly.com/shop/data/goods/1597383414438l0.jpg
이탈리아,"베이글, 페이스트리, 와인, 맥주, 커피, 위스키",세미하드치즈,가공치즈,벨라비타노,에스프레소,"13,500원",미국 아티장 치즈의 감각적인 맛,https://img-cf.kurly.com/shop/data/goods/1571108248831l0.jpg
이탈리아,"와인, 맥주, 피자, 크래커, 파스타, 딥소스",세미하드치즈,자연치즈,고르곤졸라,,"9,900원",부드럽게 녹아내리는 블루 치즈,https://img-cf.kurly.com/shop/data/goods/1558944332697l0.jpg
미국,"과일, 맥주, 와인, 위스키",세미하드치즈,자연치즈,체다,,"13,900원",본고장을 넘어선 미국 전통 치즈,https://img-cf.kurly.com/shop/data/goods/1531114195123l0.jpg
영국,"샐러드, 파스타, 와인, 스테이크",세미하드치즈,자연치즈,체다,,"7,200원","스낵, 안주, 요리, 어떻게 먹어도 맛있는 짭짤한 치즈",https://img-cf.kurly.com/shop/data/goods/159304911058l0.jpg
미국,"샐러드, 리소토, 파스타, 프라타타, 와인, 맥주",세미하드치즈,자연치즈,벨라비타노,,"13,500원",미국 아티장 치즈의 창의적인 맛,https://img-cf.kurly.com/shop/data/goods/1571108301238l0.jpg
이탈리안,"샐러드, 빵, 카나페, 라자냐, 파스타",후레쉬치즈,자연치즈,리코타,,"14,000원",유기농 유청으로 만든 이탈리안 치즈,https://img-cf.kurly.com/shop/data/goods/1531990784418l0.jpg
네덜란드,"샌드위치, 토스트, 카나페, 와인, 맥주",세미하드치즈,자연치즈,고다,,"12,500원",고급 품종인 저지 소의 우유로 만든 고다 치즈,https://img-cf.kurly.com/shop/data/goods/1577777190648l0.jpg
프랑스,"빵, 샐러드, 크레페, 와인",후레쉬치즈,자연치즈,쉐브르,,"14,100원",부드럽고 산뜻한 염소치즈,https://img-cf.kurly.com/shop/data/goods/big/201511/292_shop1_543978.jpg
미국,"팬케이크, 잼, 와인, 맥주",하드치즈,자연치즈,체다,,"11,500원",미국식 체다 치즈의 매력,https://img-cf.kurly.com/shop/data/goods/1563949642720l0.jpg
호주,"샐러드, 커리",세미하드치즈,자연치즈,구워먹는치즈,,"5,900원",다양한 요리에 사용되는 인도식 치즈!,https://img-cf.kurly.com/shop/data/goods/1512116676580l0.jpg
이탈리아,"파스타, 그라탕, 샐러드, 피자, 와인, 발사믹 식초",하드치즈,자연치즈,파르미지아노 레지아노,,"11,500원",[컬리 Only] 24개월 숙성 치즈의 진한 깊은 맛,https://img-cf.kurly.com/shop/data/goods/1597384038163l0.jpg
프랑스,"와인, 파스타, 스테이크, 과일",소프트치즈,가공치즈,블루치즈,생아그르,"10,500원",새로운 블루치즈의 탄생,https://img-cf.kurly.com/shop/data/goods/1488949996597l0.jpg
이탈리아,"테이블치즈, 와인, 맥주, 파스타, 리소토, 샐러드",경성치즈,자연치즈,파르미지아노 레지아노,,"6,900원",이탈리아가 전하는 섬세한 풍미,https://img-cf.kurly.com/shop/data/goods/1594971509955l0.jpg
프랑스,"과일,와인, 사케, 스테이크, 테이블치즈, 타르트",연성치즈,자연치즈,블루치즈,푸름당베르,"12,500원",입 안에서 꽃처럼 피어나는 화사한 향미의 블루치즈,https://img-cf.kurly.com/shop/data/goods/1490850630861l0.jpg
이탈리아,"샐러드, 과일",후레쉬치즈,자연치즈,리코타,,"9,600원",디저트 대신 떠먹고 싶은 구름을 닮은 치즈,https://img-cf.kurly.com/shop/data/goods/1523513645206l0.jpg
이탈리아,"올리브오일, 소금",후레쉬치즈,자연치즈,모짜렐라,,"9,600원",디저트 대신 떠먹고 싶은 구름을 닮은 치즈,https://img-cf.kurly.com/shop/data/goods/1523513645206l0.jpg
프랑스,"크래커, 빵, 채소, 파스타, 맥주, 와인, 감자",소프트치즈,가공치즈,샤우르스,,"12,900원",벨벳처럼 부드러운 식감과 샤우르스의 진한 향을 담은 치즈,https://img-cf.kurly.com/shop/data/goods/1485945275431l0.jpg
미국,"빵, 잼, 와인, 맥주",하드치즈,자연치즈,체다,,"11,500원",견고한 질감 속 고소한 풍미,https://img-cf.kurly.com/shop/data/goods/1563948515444l0.jpg
영국,"빵, 크래커, 테이블치즈, 샌드위치, 샐러드",세미하드치즈,자연치즈,레드레스터,,"7,315원",돋보이는 색감을 자랑하는 황금빛 치즈,https://img-cf.kurly.com/shop/data/goods/1593048977267l0.jpg
프랑스,"빵, 크래, 파스타",소프트치즈,자연치즈,생앙드레,,"13,900원",새하얀 곰팡이가 앉은 프랑스 치즈,https://img-cf.kurly.com/shop/data/goods/153682535743l0.jpg
프랑스,"샐러드, 와인, 샴페인, 맥주, 테이블치즈",소프트치즈,자연치즈,샤우르스,,"20,500원",상파뉴 지역의 테루아가 진하게 응축되어 있는 치즈,https://img-cf.kurly.com/shop/data/goods/1486367198338l0.jpg
프랑스,"빵, 감자, 와인, 막걸리, 김가루",소프트치즈,자연치즈,까망베르,,"11,900원",그대로 구워 간편하게 즐기는 퐁듀형 까망베르 치즈,https://img-cf.kurly.com/shop/data/goods/1477568074666l0.jpg
이탈리아,"견과류, 크래커, 과일, 화이트와인, 샴페인",소프트치즈,자연치즈,콰드로타,,"26,000원",연성 치즈를 위한 필수품,https://img-cf.kurly.com/shop/data/goods/1575956945999l0.jpg
미국,"타코, 맥주, 테이블치즈",세미하드치즈,자연치즈,벨라비타노,치폴레,"15,500원","건초의 메마른 향, 부드러운 크림의 풍미, 그리고 미묘한 견과류의 맛이 켜켜이 쌓인 치즈",https://img-cf.kurly.com/shop/data/goods/1477568104906l0.jpg
프랑스,"견과류, 빵, 와인, 막걸리",소프트치즈,자연치즈,퐁 레베크,,"18,700원",노르망디의 떼루아를 그대로 담은 뚜렷한 존재감의 치즈,https://img-cf.kurly.com/shop/data/goods/1477567846163l0.jpg
프랑스,"과일, 견과류, 와, 맥주",소프트치즈,자연치즈,리바로,,"66,000원",제각각 쓰임이 다른 치즈 나이프를 담은,https://img-cf.kurly.com/shop/data/goods/1575886444241l0.jpg
프랑스,"퐁듀, 빵, 와인",경성치즈,자연치즈,콩테,,"85,500원","견과류의 고소함, 약간의 단맛이 느껴지는 프랑스인들이 가장 사랑하는 치즈",https://img-cf.kurly.com/shop/data/goods/1513156814930l0.jpg
이탈리아,"샐러드, 올리브오일, 발사믹식초,",후레쉬치즈,자연치즈,부라타,,"7,900원",진하고도 순수한 이탈리아의 풍미,https://img-cf.kurly.com/shop/data/goods/1548133518976l0.jpg
프랑스,"샐러드, 크래커, 파스타, 스테이크",세미하드치즈,자연치즈,블루치즈,,"7,500원",우아한 대리석 마블을 닮은 블루치즈,https://img-cf.kurly.com/shop/data/goods/1487737063792l0.jpg
프랑스,"빵, 크래커, 샐러드, 와인",기타,가공치즈,크림치즈,,"4,165원",촉촉하고 고소한 포션 크림치즈,https://img-cf.kurly.com/shop/data/goods/1601002334585l0.jpg
네덜란드,"빵, 과일, 크래커, 맥주, 와인, 맥주",세미하드치즈,자연치즈,에담,,"4,600원","쌉쌀한 맛이 나고, 고소함, 담백함, 진한 풍미가 나는 치즈",https://img-cf.kurly.com/shop/data/goods/1552973844300l0.jpg
네덜란드,"견과류, 샌드위치, 샐러드, 와인, 맥주",세미하드치즈,자연치즈,고담,,"4,600원",과일 연상시키는 달콤하고 향긋한 풍미가 나는 치즈,https://img-cf.kurly.com/shop/data/goods/1552973844300l0.jpg
스페인,"베이글, 크래커",기타,가공치즈,크림치즈,,"7,400원",스페인에서 온 유기농 크림치즈,https://img-cf.kurly.com/shop/data/goods/1594208178126l0.jpg
한국,"간식, 와인, 맥주, 떡볶이, 낙지볶음",기타,자연치즈,스트링치즈,,"3,300원",찢어먹는 재미의 스트링 치즈,https://img-cf.kurly.com/shop/data/goods/1598318973175l0.jpg
이탈리아,"샐러드, 파스타, 화이트와인",후레쉬치즈,자연치즈,부라타,,"7,900원",이탈리아 남부 지방의 전통 프레시 치즈,https://img-cf.kurly.com/shop/data/goods/1600316931451l0.jpg
프랑스,"샐러드, 빵, 샌드위치",경성치즈,자연치즈,에멘탈,,"5,900원",송송 뚫린 구멍이 매력적인 치즈,https://img-cf.kurly.com/shop/data/goods/1602483910213l0.jpg
오스트리아,"빵, 과일, 크래커",소프트치즈,자연치즈,크림치즈,,"3,900원",우유함량이 높은 크림 치즈,https://img-cf.kurly.com/shop/data/goods/1602485138852l0.jpg
이탈리아,"빵, 샤퀴테리, 핑거푸드",후레쉬치즈,자연치즈,부라타,,"6,600원",정통 레시피를 고수한 이탈리아 부라타 치즈!,https://img-cf.kurly.com/shop/data/goods/1583469543917l0.jpg
이탈리아,"채소, 발사믹식초, 견과류",후레쉬치즈,자연치즈,부라타,,"14,900원",버터처럼 부드러운 크림이 들어있는 생치즈,https://img-cf.kurly.com/shop/data/goods/1515396236580l0.jpg
이탈리아,"카프레제, 사퀘테리",후레쉬치즈,자연치즈,모짜렐라,,"3,990원",이탈리아 브리미에서 제조된 신선한 모짜렐라!,https://img-cf.kurly.com/shop/data/goods/1546415956691l0.jpg
한국,"간식, 김밥, 샌드위치",기타,자연치즈,어린이,,"3,090원",자라나는 아이들을 위한 치즈,https://img-cf.kurly.com/shop/data/goods/1589441132359l0.jpg
호주,"크래커,과일, 빵",후레쉬치즈,자연치즈,리코타,,"5,400원",크래커 위에 발라 먹는 부드러운 치즈,https://img-cf.kurly.com/shop/data/goods/1566800642318l0.jpg
이탈리아,"카프레제, 샌드위치, 발사믹식초",후레쉬치즈,자연치즈,모짜렐라,,"3,960원",이탈리아에서 생산된 고소한 치즈,https://img-cf.kurly.com/shop/data/goods/1595313734373l0.jpg
이탈리아,"샐러드, 스프레드, 피자, 파스타, 라자냐",후레쉬치즈,자연치즈,리코타,,"8,240원",부드럽고 담백한 순백의 풍미!,https://img-cf.kurly.com/shop/data/goods/1591331546650l0.jpg
미국,"샐러드 파스타, 피자",기타,자연치즈,파마산,,"9,800원",음식의 근사함과 고소함을 더해줄,https://img-cf.kurly.com/shop/data/goods/1554185818547l0.jpg
미국,"카프레제, 샌드위치, 샐러드, 피자",후레쉬치즈,자연치즈,모짜렐라,,"15,900원",덩어리째로 만나보는 생 모짜렐라의 신선함,https://img-cf.kurly.com/shop/data/goods/1489046250671l0.jpg
이탈리아,"빵, 샐러드, 과일",후레쉬치즈,자연치즈,리코타,,"11,900원",담백하고 부드러운 치즈,https://img-cf.kurly.com/shop/data/goods/1584340058835l0.jpg
이탈리아,"피자, 샐러드, 파스타",후레쉬치즈,자연치즈,모짜렐라,,"8,400원",슥슥 썰어 완성하는 근사한 요리!,https://img-cf.kurly.com/shop/data/goods/1528696887124l0.jpg
이탈리아,"파스타, 그라탕, 샐러드, 피자, 와인, 발사믹식초",하드치즈,자연치즈,파르미지아노 레지아노,,"7,400원",이탈리아 숙성치즈의 깊은 맛,https://img-cf.kurly.com/shop/data/goods/1566382697740l0.jpg
그리스,"샐러드, 와인, 카나페, 파스타, 와인",소프트치즈,자연치즈,페타,,"6,600원",그리스의 짭짤하고 톡 쏘는 맛! 양젖 치즈,https://img-cf.kurly.com/shop/data/goods/1499651211513l0.jpg
스페인,"타파스, 핑거푸드, 샐러드",세미하드치즈,자연치즈,만체고,,"6,800원",돈키호테가 사랑한 정통 스페인 치즈,https://img-cf.kurly.com/shop/data/goods/1552974896497l0.jpg
스페인,"샐러드, 피자, 와인",소프트치즈,자연치즈,고트치즈,,"7,500원",독특하고 신선한 여운,https://img-cf.kurly.com/shop/data/goods/1575338281586l0.jpg
이탈리아,"샌드위치, 카프레제, 피자",후레쉬치즈,자연치즈,모짜렐라,,"6,900원",물소유가 주는 깊고 진한 맛,https://img-cf.kurly.com/shop/data/goods/157588271423l0.jpg
이탈리아,"토마토, 바질",후레쉬치즈,자연치즈,모짜렐라,,"4,900원",신선하고 말랑한 우유의 꽃,https://img-cf.kurly.com/shop/data/goods/1487148793685l0.jpg
네덜란드,"크래커, 핑거 푸드",세미하드치즈,자연치즈,고다,,"7,200원",하나씩 쏙 꺼내 먹는 4가지 간편 치즈,https://img-cf.kurly.com/shop/data/goods/1528104005658l0.jpg
이탈리아,"샐러드, 피자, 파스타",후레쉬치즈,자연치즈,모짜렐라,,"6,120원",물소유로 만들어 촉촉한 생치즈,https://img-cf.kurly.com/shop/data/goods/1595313632895l0.jpg
스위스,"와인, 샐러드, 파스타",하드치즈,자연치즈,아펜젤러,,"13,900원",정성껏 숙성해 한층 더 농후해진 스위스 대표 하드치즈!,https://img-cf.kurly.com/shop/data/goods/1596605263156l0.jpg
미국,"와인, 맥주, 채소",연성치즈,자연치즈,블루치즈,,"13,500원",풀내음이 가득한 블루치즈,https://img-cf.kurly.com/shop/data/goods/157708476458l0.jpg
스페인,"타파스, 핑거푸드, 샐러드, 샤퀴테리, 멤브리요, 와인, 맥주",하드치즈,자연치즈,만체고,,"7,900원",6개월 숙성 스페인 정통 치즈,https://img-cf.kurly.com/shop/data/goods/1597801668720l0.jpg
스페인,"타파스, 핑거푸드, 샐러드, 샤퀴테리, 멤브리요, 와인, 맥주",하드치즈,자연치즈,만체고,,"9,700원",12개월 숙성 스페인 정통 치즈,https://img-cf.kurly.com/shop/data/goods/1597801807938l0.jpg
프랑스,"샐러드, 파스타, 감자",세미하드치즈,자연치즈,블루치즈,,"10,200원",진한 자연의 냄새를 닮은 블루치즈,https://img-cf.kurly.com/shop/data/goods/1490762460389l0.jpg
스위스,"파스타, 빵, 감자, 나쵸",소프트치즈,가공치즈,퐁듀,,"18,900원","부드럽고 따뜻한 요리, 퐁듀",https://img-cf.kurly.com/shop/data/goods/1511859095421l0.jpg
스페인,"타파스, 핑거푸드, 샐러드, 샤퀴테리, 멤브리요, 와인, 맥주",하드치즈,자연치즈,만체고,,"12,500원",블랙트러플의 풍미를 더한 스페인 양젖 치즈,https://img-cf.kurly.com/shop/data/goods/1597801907799l0.jpg
미국,"카프레제 샐러드, 샌드위치, 샐러드, 마르게리타 피자",후레쉬치즈,자연치즈,모짜렐라,,"15,900원",위스콘신에서 탄생한 신선한 치즈!,https://img-cf.kurly.com/shop/data/goods/153925004370l0.jpg
미국,"파스타, 샐러드, 샌드위치, 브리또, 퀘사디아, 타코",기타,가공치즈,체다,"(몬데리잭, 체다, 아사데로, 퀘사디아)","5,980원",다양한 요리 토핑! 4가지 치즈를 한번에 즐기는,https://img-cf.kurly.com/shop/data/goods/1597996579125l0.jpg
미국,"파스타, 라면, 떡볶이, 토스트, 샌드위치, 리조또",기타,가공치즈,체다,,"4,784원",세가지 체다치즈의 부드러운 하모니,https://img-cf.kurly.com/shop/data/goods/1597997227980l0.jpg
이탈리아,"퐁듀, 파스타, 파니니, 빵, 와인 카프레제",세미하드,자연치즈,프로볼로네,,"6,500원",둥근 치즈가 선사하는 깊은 풍미,https://img-cf.kurly.com/shop/data/goods/16004060628l0.jpg